LayerID, SRAM IFMAP Start Cycle, SRAM IFMAP Stop Cycle, SRAM IFMAP Reads, SRAM Filter Start Cycle, SRAM Filter Stop Cycle, SRAM Filter Reads, SRAM OFMAP Start Cycle, SRAM OFMAP Stop Cycle, SRAM OFMAP Writes, DRAM IFMAP Start Cycle, DRAM IFMAP Stop Cycle, DRAM IFMAP Reads, DRAM Filter Start Cycle, DRAM Filter Stop Cycle, DRAM Filter Reads, DRAM OFMAP Start Cycle, DRAM OFMAP Stop Cycle, DRAM OFMAP Writes,
0, 17.0, 79442.0, 677376, 1.0, 59566.0, 864, 31.0, 79461.0, 802816, -820.0, 67321.0, 680600, -87.0, -1.0, 870, 1116.0, 81032.0, 802911,
1, 17.0, 361829.0, 3612672, 1.0, 341854.0, 288, 31.0, 361828.0, 225792, -820.0, 361239.0, 3616200, -461.0, -1.0, 4610, 13101.0, 362301.0, 225792,
2, 17.0, 39997.0, 401408, 1.0, 20022.0, 512, 31.0, 40011.0, 401408, -820.0, 39407.0, 401800, -52.0, -1.0, 520, 1116.0, 40810.0, 401591,
3, 17.0, 120463.0, 1204224, 1.0, 100488.0, 1536, 31.0, 120477.0, 1204224, -820.0, 119865.0, 1205400, -154.0, -1.0, 1540, 1116.0, 121236.0, 1204785,
4, 17.0, 542585.0, 2709504, 1.0, 537648.0, 864, 31.0, 542584.0, 169344, -820.0, 541859.0, 5420200, -820.0, -1.0, 8200, 13009.0, 543147.0, 169344,
5, 17.0, 60295.0, 602112, 1.0, 55296.0, 2304, 31.0, 60301.0, 451584, -820.0, 59932.0, 606800, -308.0, -1.0, 3080, 1116.0, 61042.0, 451751,
6, 17.0, 89684.0, 677376, 1.0, 84745.0, 3456, 31.0, 89706.0, 903168, -820.0, 67321.0, 680600, -346.0, -1.0, 3460, 1116.0, 90646.0, 903193,
7, 17.0, 1627823.0, 4064256, 1.0, 1622882.0, 1296, 31.0, 1627822.0, 254016, -820.0, 1627221.0, 16260600, -820.0, -1.0, 8200, 13009.0, 1628608.0, 254016,
8, 17.0, 90447.0, 903168, 1.0, 85448.0, 3456, 31.0, 90453.0, 677376, -820.0, 90309.0, 910200, -461.0, -1.0, 4610, 1116.0, 90982.0, 677603,
9, 17.0, 89684.0, 677376, 1.0, 84745.0, 3456, 31.0, 89706.0, 903168, -820.0, 67321.0, 680600, -346.0, -1.0, 3460, 1116.0, 90646.0, 903193,
10, 17.0, 305189.0, 1016064, 1.0, 303974.0, 1296, 31.0, 305188.0, 63504, -820.0, 304590.0, 3050400, -820.0, -1.0, 8200, 13103.0, 305818.0, 63504,
11, 17.0, 22595.0, 225792, 1.0, 21514.0, 4608, 31.0, 22609.0, 225792, -820.0, 22166.0, 229600, -461.0, -1.0, 4610, 1116.0, 23238.0, 225901,
12, 17.0, 32614.0, 301056, 1.0, 31554.0, 6144, 31.0, 32628.0, 301056, -820.0, 32018.0, 328000, -615.0, -1.0, 6150, 1116.0, 34044.0, 301151,
13, 17.0, 678259.0, 1354752, 1.0, 676842.0, 1728, 31.0, 678258.0, 84672, -820.0, 678145.0, 6781400, -820.0, -1.0, 8200, 13103.0, 678547.0, 84672,
14, 17.0, 45393.0, 301056, 1.0, 43978.0, 6144, 31.0, 45407.0, 301056, -820.0, 45154.0, 459200, -615.0, -1.0, 6150, 1116.0, 46006.0, 301181,
15, 17.0, 32614.0, 301056, 1.0, 31554.0, 6144, 31.0, 32628.0, 301056, -820.0, 32018.0, 328000, -615.0, -1.0, 6150, 1116.0, 34044.0, 301151,
16, 17.0, 678259.0, 1354752, 1.0, 676842.0, 1728, 31.0, 678258.0, 84672, -820.0, 678145.0, 6781400, -820.0, -1.0, 8200, 13103.0, 678547.0, 84672,
17, 17.0, 45393.0, 301056, 1.0, 43978.0, 6144, 31.0, 45407.0, 301056, -820.0, 45154.0, 459200, -615.0, -1.0, 6150, 1116.0, 46006.0, 301181,
18, 17.0, 32614.0, 301056, 1.0, 31554.0, 6144, 31.0, 32628.0, 301056, -820.0, 32018.0, 328000, -615.0, -1.0, 6150, 1116.0, 34044.0, 301151,
19, 17.0, 237507.0, 338688, 1.0, 237060.0, 1728, 31.0, 237506.0, 21168, -820.0, 237268.0, 2378000, -820.0, -1.0, 8200, 81215.0, 237999.0, 21168,
20, 17.0, 18433.0, 150528, 1.0, 14938.0, 12288, 31.0, 18447.0, 150528, -820.0, 18061.0, 188600, -820.0, 820.0, 16400, 1024.0, 19075.0, 150575,
21, 17.0, 55379.0, 301056, 1.0, 54754.0, 24576, 31.0, 55393.0, 301056, -820.0, 55006.0, 557600, -820.0, 6567.0, 73800, 1024.0, 56003.0, 301056,
22, 17.0, 5901706.0, 677376, 1.0, 5901495.0, 3456, 31.0, 5901705.0, 42336, -820.0, 5900526.0, 58941600, -820.0, -1.0, 8200, 352555.0, 5901857.0, 42336,
23, 17.0, 67717.0, 301056, 1.0, 67506.0, 24576, 31.0, 67731.0, 301056, -820.0, 67321.0, 680600, -820.0, 6567.0, 73800, 1024.0, 68415.0, 301208,
24, 17.0, 55379.0, 301056, 1.0, 54754.0, 24576, 31.0, 55393.0, 301056, -820.0, 55006.0, 557600, -820.0, 6567.0, 73800, 1024.0, 56003.0, 301056,
25, 17.0, 5901706.0, 677376, 1.0, 5901495.0, 3456, 31.0, 5901705.0, 42336, -820.0, 5900526.0, 58941600, -820.0, -1.0, 8200, 352555.0, 5901857.0, 42336,
26, 17.0, 67717.0, 301056, 1.0, 67506.0, 24576, 31.0, 67731.0, 301056, -820.0, 67321.0, 680600, -820.0, 6567.0, 73800, 1024.0, 68415.0, 301208,
27, 17.0, 55379.0, 301056, 1.0, 54754.0, 24576, 31.0, 55393.0, 301056, -820.0, 55006.0, 557600, -820.0, 6567.0, 73800, 1024.0, 56003.0, 301056,
28, 17.0, 5901706.0, 677376, 1.0, 5901495.0, 3456, 31.0, 5901705.0, 42336, -820.0, 5900526.0, 58941600, -820.0, -1.0, 8200, 352555.0, 5901857.0, 42336,
29, 17.0, 67717.0, 301056, 1.0, 67506.0, 24576, 31.0, 67731.0, 301056, -820.0, 67321.0, 680600, -820.0, 6567.0, 73800, 1024.0, 68415.0, 301208,
30, 17.0, 55379.0, 301056, 1.0, 54754.0, 24576, 31.0, 55393.0, 301056, -820.0, 55006.0, 557600, -820.0, 6567.0, 73800, 1024.0, 56003.0, 301056,
31, 17.0, 5901706.0, 677376, 1.0, 5901495.0, 3456, 31.0, 5901705.0, 42336, -820.0, 5900526.0, 58941600, -820.0, -1.0, 8200, 352555.0, 5901857.0, 42336,
32, 17.0, 113229.0, 451584, 1.0, 113018.0, 36864, 31.0, 113243.0, 451584, -820.0, 112476.0, 1131600, -820.0, 28734.0, 295200, 1024.0, 114147.0, 451841,
33, 17.0, 140765.0, 677376, 1.0, 140554.0, 55296, 31.0, 140779.0, 677376, -820.0, 74710.0, 754400, -820.0, 137927.0, 1385800, 1024.0, 142132.0, 677731,
34, 17.0, 1322400.0, 1016064, 1.0, 1322189.0, 5184, 31.0, 1322399.0, 63504, -820.0, 1321809.0, 13210200, -820.0, -1.0, 8200, 114767.0, 1323029.0, 63504,
35, 17.0, 147216.0, 677376, 1.0, 146633.0, 55296, 31.0, 147230.0, 677376, -820.0, 146958.0, 1476000, -820.0, 137927.0, 1385800, 1024.0, 147972.0, 677750,
36, 17.0, 140765.0, 677376, 1.0, 140554.0, 55296, 31.0, 140779.0, 677376, -820.0, 74710.0, 754400, -820.0, 137927.0, 1385800, 1024.0, 142132.0, 677731,
37, 17.0, 1322400.0, 1016064, 1.0, 1322189.0, 5184, 31.0, 1322399.0, 63504, -820.0, 1321809.0, 13210200, -820.0, -1.0, 8200, 114767.0, 1323029.0, 63504,
38, 17.0, 147216.0, 677376, 1.0, 146633.0, 55296, 31.0, 147230.0, 677376, -820.0, 146958.0, 1476000, -820.0, 137927.0, 1385800, 1024.0, 147972.0, 677750,
39, 17.0, 140765.0, 677376, 1.0, 140554.0, 55296, 31.0, 140779.0, 677376, -820.0, 74710.0, 754400, -820.0, 137927.0, 1385800, 1024.0, 142132.0, 677731,
40, 17.0, 203920.0, 254016, 1.0, 203856.0, 5184, 31.0, 203919.0, 15876, -820.0, 202786.0, 2033600, -820.0, -1.0, 8200, 115573.0, 204702.0, 15876,
41, 17.0, 139043.0, 282240, 1.0, 138979.0, 92160, 31.0, 139057.0, 282240, -820.0, 76352.0, 770800, -820.0, 137927.0, 1385800, 1010.0, 139455.0, 282240,
42, 17.0, 663988.0, 470400, 1.0, 663924.0, 153600, 31.0, 664002.0, 470400, -784.0, -1.0, 7840, -820.0, 660904.0, 6609200, 1010.0, 664418.0, 470400,
43, 17.0, 1823347.0, 423360, 1.0, 1823283.0, 8640, 31.0, 1823346.0, 26460, -820.0, 1822619.0, 18212200, -820.0, 820.0, 16400, 607141.0, 1823549.0, 26460,
44, 17.0, 663988.0, 470400, 1.0, 663924.0, 153600, 31.0, 664002.0, 470400, -820.0, 145316.0, 1459600, -820.0, 660904.0, 6609200, 1010.0, 664418.0, 470400,
45, 17.0, 663988.0, 470400, 1.0, 663924.0, 153600, 31.0, 664002.0, 470400, -784.0, -1.0, 7840, -820.0, 660904.0, 6609200, 1010.0, 664418.0, 470400,
46, 17.0, 1823347.0, 423360, 1.0, 1823283.0, 8640, 31.0, 1823346.0, 26460, -820.0, 1822619.0, 18212200, -820.0, 820.0, 16400, 607141.0, 1823549.0, 26460,
47, 17.0, 663988.0, 470400, 1.0, 663924.0, 153600, 31.0, 664002.0, 470400, -820.0, 145316.0, 1459600, -820.0, 660904.0, 6609200, 1010.0, 664418.0, 470400,
48, 17.0, 663988.0, 470400, 1.0, 663924.0, 153600, 31.0, 664002.0, 470400, -784.0, -1.0, 7840, -820.0, 660904.0, 6609200, 1010.0, 664418.0, 470400,
49, 17.0, 1823347.0, 423360, 1.0, 1823283.0, 8640, 31.0, 1823346.0, 26460, -820.0, 1822619.0, 18212200, -820.0, 820.0, 16400, 607141.0, 1823549.0, 26460,
50, 17.0, 1384696.0, 940800, 1.0, 1384632.0, 307200, 31.0, 1384710.0, 940800, -820.0, 287349.0, 2878200, -820.0, 1384205.0, 13833400, 1010.0, 1385389.0, 940800,
51, 17.0, 11238818.0, 1254400, 1.0, 11238754.0, 409600, 31.0, 11238832.0, 1254400, -820.0, 136285.0, 1369400, -820.0, 11238668.0, 112258000, 1010.0, 11239402.0, 1254400,
