Layer name, IFMAP Height, IFMAP Width, Filter Height, Filter Width, Channels, Num Filter, Strides,
conv1,229,229,7,7,3,64,2,
conv2_0,58,58,3,3,64,64,1,
conv2_1,58,58,3,3,64,64,1,
conv2_2,58,58,3,3,64,64,1,
conv2_3,58,58,3,3,64,64,1,
conv3_0,57,57,3,3,64,128,2,
conv3_ds,56,56,1,1,64,128,2,
conv3_1,30,30,3,3,128,128,1,
conv3_2,30,30,3,3,128,128,1,
conv3_3,30,30,3,3,128,128,1,
conv4_0,29,29,3,3,128,256,2,
conv4_ds,28,28,1,1,128,256,2,
conv4_1,16,16,3,3,256,256,1,
conv4_2,16,16,3,3,256,256,1,
conv4_3,16,16,3,3,256,256,1,
conv5_0,15,15,3,3,256,512,2,
conv5_ds,14,14,1,1,256,512,2,
conv5_1,9,9,3,3,512,512,1,
conv5_2,9,9,3,3,512,512,1,
conv5_3,9,9,3,3,512,512,1,
