LayerID, Time (us),
0, 387831,
1, 40664,
2, 504277,
3, 160490,
4, 160490,
5, 160490,
6, 504277,
7, 160490,
8, 160490,
9, 504277,
10, 160490,
11, 84906,
12, 1167984,
13, 200871,
14, 343520,
15, 682718,
16, 1167984,
17, 200871,
18, 682718,
19, 1167984,
20, 200871,
21, 682718,
22, 1167984,
23, 200871,
24, 152613,
25, 2538965,
26, 610566,
27, 1994906,
28, 1405106,
29, 2538965,
30, 610566,
31, 1405106,
32, 2538965,
33, 610566,
34, 1405106,
35, 2538965,
36, 610566,
37, 1405106,
38, 2538965,
39, 610566,
40, 1405106,
41, 2538965,
42, 610566,
43, 1994584,
44, 218235973,
45, 66482351,
46, 136320077,
47, 66482351,
48, 218235973,
49, 66482351,
50, 66482351,
51, 218235973,
52, 66482351,
53, 129844025,
