model,budget_kb,combo,status,total_non_compulsory_access_bytes,dram_traffic_reduction_pct,speedup,error
/data/grizos/Scale-Sim-SPM/cosma/_exported/_exported_resnet50-tflite-float/model.json,9766.0,default+belady,Optimal,3276804,95.28254617193689,9.366176767091652,
/data/grizos/Scale-Sim-SPM/cosma/_exported/_exported_resnet50-tflite-float/model.json,9766.0,default+ilp_greedy,Optimal,3276804,95.28254617193689,9.366176767091652,
/data/grizos/Scale-Sim-SPM/cosma/_exported/_exported_resnet50-tflite-float/model.json,9766.0,cosma_native,Optimal,3276804,95.28254617193689,9.366176767091652,
/data/grizos/Scale-Sim-SPM/cosma/_exported/_exported_resnet50-tflite-float/model.json,10550.0,default+belady,Optimal,0,95.81684840866798,9.541657721977375,
/data/grizos/Scale-Sim-SPM/cosma/_exported/_exported_resnet50-tflite-float/model.json,10550.0,default+ilp_greedy,Optimal,0,95.81684840866798,9.541657721977375,
/data/grizos/Scale-Sim-SPM/cosma/_exported/_exported_resnet50-tflite-float/model.json,10550.0,cosma_native,Optimal,0,95.81684840866798,9.541657721977375,
/data/grizos/Scale-Sim-SPM/cosma/_exported/models_resnet50_int8_resnet50/model.json,2355.0,default+belady,ERROR,,,,"TfliteArenaAllocationError: place_tensors_linear(): tensor 153's episode [60,61] needs 25088 bytes but no gap fits in the 2411520-byte budget against time-overlapping placed episodes [(0, 524288), (0, 2359296), (2097152, 200704), (2297856, 100352)] -- a real TFLite-linear-allocator capacity/fragmentation failure, not necessarily a bug (general dynamic storage allocation is NP-hard; see this module's docstring). COSMA's own joint placement+replacement ILP can succeed here even when this heuristic can't -- that gap is exactly what the paper's comparison measures."
/data/grizos/Scale-Sim-SPM/cosma/_exported/models_resnet50_int8_resnet50/model.json,2355.0,default+ilp_greedy,ERROR,,,,"TfliteArenaAllocationError: place_tensors_linear(): tensor 153's episode [60,61] needs 25088 bytes but no gap fits in the 2411520-byte budget against time-overlapping placed episodes [(0, 524288), (0, 2359296), (2097152, 200704), (2297856, 100352)] -- a real TFLite-linear-allocator capacity/fragmentation failure, not necessarily a bug (general dynamic storage allocation is NP-hard; see this module's docstring). COSMA's own joint placement+replacement ILP can succeed here even when this heuristic can't -- that gap is exactly what the paper's comparison measures."
/data/grizos/Scale-Sim-SPM/cosma/_exported/models_resnet50_int8_resnet50/model.json,2355.0,cosma_native,Optimal,602112,95.57717606434679,14.38980525458266,
/data/grizos/Scale-Sim-SPM/cosma/_exported/models_resnet50_int8_resnet50/model.json,2453.0,default+belady,ERROR,,,,"TfliteArenaAllocationError: place_tensors_linear(): tensor 160's episode [63,67] needs 100352 bytes but no gap fits in the 2511872-byte budget against time-overlapping placed episodes [(0, 1048576), (0, 1048576), (0, 2359296), (1048576, 100352), (2359296, 100352)] -- a real TFLite-linear-allocator capacity/fragmentation failure, not necessarily a bug (general dynamic storage allocation is NP-hard; see this module's docstring). COSMA's own joint placement+replacement ILP can succeed here even when this heuristic can't -- that gap is exactly what the paper's comparison measures."
/data/grizos/Scale-Sim-SPM/cosma/_exported/models_resnet50_int8_resnet50/model.json,2453.0,default+ilp_greedy,ERROR,,,,"TfliteArenaAllocationError: place_tensors_linear(): tensor 160's episode [63,67] needs 100352 bytes but no gap fits in the 2511872-byte budget against time-overlapping placed episodes [(0, 1048576), (0, 1048576), (0, 2359296), (1048576, 100352), (2359296, 100352)] -- a real TFLite-linear-allocator capacity/fragmentation failure, not necessarily a bug (general dynamic storage allocation is NP-hard; see this module's docstring). COSMA's own joint placement+replacement ILP can succeed here even when this heuristic can't -- that gap is exactly what the paper's comparison measures."
/data/grizos/Scale-Sim-SPM/cosma/_exported/models_resnet50_int8_resnet50/model.json,2453.0,cosma_native,Optimal,0,95.62492671004858,14.439413483492642,
/data/grizos/Scale-Sim-SPM/cosma/_exported/densenet/model.json,6328.28125,default+belady,ERROR,,,,"TfliteArenaAllocationError: place_tensors_linear(): tensor 62's episode [29,35] needs 401408 bytes but no gap fits in the 6480160-byte budget against time-overlapping placed episodes [(0, 2809856), (0, 2809856), (0, 3211264), (2408448, 1605632), (2809856, 802816), (2809856, 1605632), (2809856, 2809856), (3211264, 802816), (4816896, 401408), (5218304, 401408), (5619712, 401408), (6021120, 401408)] -- a real TFLite-linear-allocator capacity/fragmentation failure, not necessarily a bug (general dynamic storage allocation is NP-hard; see this module's docstring). COSMA's own joint placement+replacement ILP can succeed here even when this heuristic can't -- that gap is exactly what the paper's comparison measures."
/data/grizos/Scale-Sim-SPM/cosma/_exported/densenet/model.json,6328.28125,default+ilp_greedy,Optimal,5619712,97.02819715958326,11.251499508694762,
/data/grizos/Scale-Sim-SPM/cosma/_exported/densenet/model.json,6328.28125,cosma_native,Not Solved,18155264,94.30222906350042,8.611180633704516,
/data/grizos/Scale-Sim-SPM/cosma/_exported/densenet/model.json,8233.0,default+belady,Optimal,0,98.25025388442265,13.0452123808772,
/data/grizos/Scale-Sim-SPM/cosma/_exported/densenet/model.json,8233.0,default+ilp_greedy,Optimal,0,98.25025388442265,13.0452123808772,
/data/grizos/Scale-Sim-SPM/cosma/_exported/densenet/model.json,8233.0,cosma_native,ERROR,,,,"SpmAllocationError: tensor 228 action 'R' at t=188: [0, 25088) collides with tensor 238 at [512, 25600) -- live occupants: 21@[1305088,1305216), 209@[4908032,5108736), 218@[1305216,1330304), 238@[512,25600), 258@[326656,351744), 268@[301568,326656), 278@[1330304,1355392), 298@[75776,100864), 308@[401920,427008), 318@[1741440,1766528), 328@[1715840,1740928), 338@[251392,276480), 348@[276480,301568), 358@[25600,50688), 368@[351744,376832), 378@[427008,452096)"
/data/grizos/Scale-Sim-SPM/cosma/_exported/models_densenet121_int8_densenet121/model.json,1596.28125,default+belady,Optimal,2609152,97.19498375346085,17.2725929980761,
/data/grizos/Scale-Sim-SPM/cosma/_exported/models_densenet121_int8_densenet121/model.json,1596.28125,default+ilp_greedy,Optimal,2609152,97.19498375346085,17.2725929980761,
/data/grizos/Scale-Sim-SPM/cosma/_exported/models_densenet121_int8_densenet121/model.json,1596.28125,cosma_native,Optimal,2609152,97.19498375346085,17.2725929980761,
/data/grizos/Scale-Sim-SPM/cosma/_exported/models_densenet121_int8_densenet121/model.json,2058.21875,default+belady,ERROR,,,,"TfliteArenaAllocationError: place_tensors_linear(): tensor 67's episode [30,31] needs 702464 bytes but no gap fits in the 2107616-byte budget against time-overlapping placed episodes [(0, 702464), (802816, 702464)] -- a real TFLite-linear-allocator capacity/fragmentation failure, not necessarily a bug (general dynamic storage allocation is NP-hard; see this module's docstring). COSMA's own joint placement+replacement ILP can succeed here even when this heuristic can't -- that gap is exactly what the paper's comparison measures."
/data/grizos/Scale-Sim-SPM/cosma/_exported/models_densenet121_int8_densenet121/model.json,2058.21875,default+ilp_greedy,ERROR,,,,"TfliteArenaAllocationError: place_tensors_linear(): tensor 67's episode [30,31] needs 702464 bytes but no gap fits in the 2107616-byte budget against time-overlapping placed episodes [(0, 702464), (802816, 702464)] -- a real TFLite-linear-allocator capacity/fragmentation failure, not necessarily a bug (general dynamic storage allocation is NP-hard; see this module's docstring). COSMA's own joint placement+replacement ILP can succeed here even when this heuristic can't -- that gap is exactly what the paper's comparison measures."
/data/grizos/Scale-Sim-SPM/cosma/_exported/models_densenet121_int8_densenet121/model.json,2058.21875,cosma_native,Optimal,0,97.52666926349384,18.322289577005115,
/data/grizos/Scale-Sim-SPM/cosma/_exported/_exported_deeplabv3_DeepLabV3-Plus-MobileNet/model.json,39522.375,default+belady,Optimal,0,99.83302654459018,12.241861611208877,
/data/grizos/Scale-Sim-SPM/cosma/_exported/_exported_deeplabv3_DeepLabV3-Plus-MobileNet/model.json,39522.375,default+ilp_greedy,Optimal,0,99.83302654459018,12.241861611208877,
/data/grizos/Scale-Sim-SPM/cosma/_exported/_exported_deeplabv3_DeepLabV3-Plus-MobileNet/model.json,39522.375,cosma_native,Optimal,0,99.83302654459018,12.241861611208877,
/data/grizos/Scale-Sim-SPM/cosma/_exported/resnext50_resnext50_tflite_resnext50_float32/model.json,9408.0,default+belady,ERROR,,,,"TfliteArenaAllocationError: place_tensors_linear(): tensor 36's episode [17,18] needs 3211264 bytes but no gap fits in the 9633792-byte budget against time-overlapping placed episodes [(0, 3444736), (6422528, 3211264)] -- a real TFLite-linear-allocator capacity/fragmentation failure, not necessarily a bug (general dynamic storage allocation is NP-hard; see this module's docstring). COSMA's own joint placement+replacement ILP can succeed here even when this heuristic can't -- that gap is exactly what the paper's comparison measures."
/data/grizos/Scale-Sim-SPM/cosma/_exported/resnext50_resnext50_tflite_resnext50_float32/model.json,9408.0,default+ilp_greedy,ERROR,,,,"TfliteArenaAllocationError: place_tensors_linear(): tensor 36's episode [17,18] needs 3211264 bytes but no gap fits in the 9633792-byte budget against time-overlapping placed episodes [(0, 3444736), (6422528, 3211264)] -- a real TFLite-linear-allocator capacity/fragmentation failure, not necessarily a bug (general dynamic storage allocation is NP-hard; see this module's docstring). COSMA's own joint placement+replacement ILP can succeed here even when this heuristic can't -- that gap is exactly what the paper's comparison measures."
/data/grizos/Scale-Sim-SPM/cosma/_exported/resnext50_resnext50_tflite_resnext50_float32/model.json,9408.0,cosma_native,Optimal,5103432,84.73723615471211,2.845907989550381,
/data/grizos/Scale-Sim-SPM/cosma/_exported/resnext50_resnext50_tflite_resnext50_float32/model.json,9772.0,default+belady,ERROR,,,,"TfliteArenaAllocationError: place_tensors_linear(): tensor 36's episode [17,18] needs 3211264 bytes but no gap fits in the 10006528-byte budget against time-overlapping placed episodes [(0, 3444736), (6422528, 3211264)] -- a real TFLite-linear-allocator capacity/fragmentation failure, not necessarily a bug (general dynamic storage allocation is NP-hard; see this module's docstring). COSMA's own joint placement+replacement ILP can succeed here even when this heuristic can't -- that gap is exactly what the paper's comparison measures."
/data/grizos/Scale-Sim-SPM/cosma/_exported/resnext50_resnext50_tflite_resnext50_float32/model.json,9772.0,default+ilp_greedy,ERROR,,,,"TfliteArenaAllocationError: place_tensors_linear(): tensor 36's episode [17,18] needs 3211264 bytes but no gap fits in the 10006528-byte budget against time-overlapping placed episodes [(0, 3444736), (6422528, 3211264)] -- a real TFLite-linear-allocator capacity/fragmentation failure, not necessarily a bug (general dynamic storage allocation is NP-hard; see this module's docstring). COSMA's own joint placement+replacement ILP can succeed here even when this heuristic can't -- that gap is exactly what the paper's comparison measures."
/data/grizos/Scale-Sim-SPM/cosma/_exported/resnext50_resnext50_tflite_resnext50_float32/model.json,9772.0,cosma_native,Optimal,0,87.31518621233221,3.0018554316377157,
/data/grizos/Scale-Sim-SPM/cosma/_exported/r2plus1d_correct_r2plus1d_18_tflite_r2plus1d_18_float32/model.json,225792.0,default+belady,Optimal,205520896,96.03032931346478,3.0264104890059453,
/data/grizos/Scale-Sim-SPM/cosma/_exported/r2plus1d_correct_r2plus1d_18_tflite_r2plus1d_18_float32/model.json,225792.0,default+ilp_greedy,Optimal,205520896,96.03032931346478,3.0264104890059453,
/data/grizos/Scale-Sim-SPM/cosma/_exported/r2plus1d_correct_r2plus1d_18_tflite_r2plus1d_18_float32/model.json,225792.0,cosma_native,Optimal,205520896,96.03032931346478,3.0264104890059453,
/data/grizos/Scale-Sim-SPM/cosma/_exported/r2plus1d_correct_r2plus1d_18_tflite_r2plus1d_18_float32/model.json,275968.0,default+belady,ERROR,,,,"TfliteArenaAllocationError: place_tensors_linear(): tensor 20's episode [12,20] needs 51380224 bytes but no gap fits in the 282591232-byte budget against time-overlapping placed episodes [(0, 51380224), (0, 115605504), (0, 115605504), (115605504, 115605504), (115605504, 115605504), (231211008, 51380224)] -- a real TFLite-linear-allocator capacity/fragmentation failure, not necessarily a bug (general dynamic storage allocation is NP-hard; see this module's docstring). COSMA's own joint placement+replacement ILP can succeed here even when this heuristic can't -- that gap is exactly what the paper's comparison measures."
/data/grizos/Scale-Sim-SPM/cosma/_exported/r2plus1d_correct_r2plus1d_18_tflite_r2plus1d_18_float32/model.json,275968.0,default+ilp_greedy,ERROR,,,,"TfliteArenaAllocationError: place_tensors_linear(): tensor 20's episode [12,20] needs 51380224 bytes but no gap fits in the 282591232-byte budget against time-overlapping placed episodes [(0, 51380224), (0, 115605504), (0, 115605504), (115605504, 115605504), (115605504, 115605504), (231211008, 51380224)] -- a real TFLite-linear-allocator capacity/fragmentation failure, not necessarily a bug (general dynamic storage allocation is NP-hard; see this module's docstring). COSMA's own joint placement+replacement ILP can succeed here even when this heuristic can't -- that gap is exactly what the paper's comparison measures."
/data/grizos/Scale-Sim-SPM/cosma/_exported/r2plus1d_correct_r2plus1d_18_tflite_r2plus1d_18_float32/model.json,275968.0,cosma_native,Optimal,0,99.43522232783386,3.3731599240022563,
/data/grizos/Scale-Sim-SPM/cosma/_exported/s3d_s3d_tflite_s3d_float32/model.json,119168.0390625,default+belady,Optimal,0,98.6981934234557,3.9898496019232286,
/data/grizos/Scale-Sim-SPM/cosma/_exported/s3d_s3d_tflite_s3d_float32/model.json,119168.0390625,default+ilp_greedy,Optimal,0,98.6981934234557,3.9898496019232286,
/data/grizos/Scale-Sim-SPM/cosma/_exported/s3d_s3d_tflite_s3d_float32/model.json,119168.0390625,cosma_native,Optimal,0,98.6981934234557,3.9898496019232286,
/data/grizos/Scale-Sim-SPM/cosma/_exported/fcn_fcn_tflite_fcn_float32/model.json,44706.0,default+belady,Optimal,0,99.18508855866511,14.021829669282612,
/data/grizos/Scale-Sim-SPM/cosma/_exported/fcn_fcn_tflite_fcn_float32/model.json,44706.0,default+ilp_greedy,Optimal,0,99.18508855866511,14.021829669282612,
/data/grizos/Scale-Sim-SPM/cosma/_exported/fcn_fcn_tflite_fcn_float32/model.json,44706.0,cosma_native,Optimal,0,99.18508855866511,14.021829669282612,
