LayerID, Avg IFMAP SRAM BW, Avg FILTER SRAM BW, Avg OFMAP SRAM BW, Avg IFMAP DRAM BW, Avg FILTER DRAM BW, Avg OFMAP DRAM BW,
0, 7.651013639941672, 0.04046817131869975, 9.993160672576877, 9.993958346153201, 10.0, 9.996445829012535,
1, 3.328523046374152, 0.07305400376129827, 3.328523046374152, 9.993922224267944, 9.994773063855737, 3.3323420649594895,
2, 3.328523046374152, 0.07305400376129827, 3.328523046374152, 9.993922224267944, 9.994773063855737, 3.3323420649594895,
3, 3.328523046374152, 0.07305400376129827, 3.328523046374152, 9.993922224267944, 9.994773063855737, 3.3323420649594895,
4, 3.328523046374152, 0.07305400376129827, 3.328523046374152, 9.993922224267944, 9.994773063855737, 3.3323420649594895,
5, 3.3844770213148663, 0.27628383847468296, 3.3844770213148663, 9.993940055480486, 9.99407171530683, 3.3996853464012435,
6, 1.5371460378743915, 0.1455286189703566, 1.5371460378743915, 9.993912299621417, 9.993958863814724, 1.5393170712425825,
7, 9.539034116083297, 0.7259193619849358, 9.539034116083297, 9.994773063855737, 10.0, 9.887031594415872,
8, 1.5371460378743915, 0.1455286189703566, 1.5371460378743915, 9.993912299621417, 9.993958863814724, 1.5393170712425825,
9, 1.5371460378743915, 0.1455286189703566, 1.5371460378743915, 9.993912299621417, 9.993958863814724, 1.5393170712425825,
10, 1.090604792696843, 0.35611585067652013, 1.090604792696843, 9.993921602089282, 9.993914529997253, 1.0921322098238573,
11, 0.576751228488148, 0.2563338793280658, 0.576751228488148, 9.99391057500291, 9.993906782463876, 0.5771688318351733,
12, 6.534316505955757, 1.8586500283607488, 6.534316505955757, 9.99445645545762, 9.995426132032321, 6.946464098390305,
13, 0.576751228488148, 0.2563338793280658, 0.576751228488148, 9.99391057500291, 9.993906782463876, 0.5771688318351733,
14, 0.576751228488148, 0.2563338793280658, 0.576751228488148, 9.99391057500291, 9.993906782463876, 0.5771688318351733,
15, 0.08901747424073989, 0.11626772145729292, 0.08901747424073989, 9.993917866498712, 9.993903423967586, 0.09007281975313468,
16, 0.017360982581882154, 0.04444411540961831, 0.017360982581882154, 9.993909091695796, 9.993902627286094, 0.017596851660507163,
17, 0.9098241741460333, 0.9098241741460333, 0.9098241741460333, 10.0, 9.993971687719565, 1.0067437823555616,
18, 0.017360982581882154, 0.04444411540961831, 0.017360982581882154, 9.993909091695796, 9.993902627286094, 0.017596851660507163,
19, 0.017360982581882154, 0.04444411540961831, 0.017360982581882154, 9.993909091695796, 9.993902627286094, 0.017596851660507163,
20, 0.003403685303699555, 0.2127303314812222, 0.003323911429394097, 10.0, 9.99390659014529, 10.0,
