LayerID, Total Cycles (incl. prefetch), Total Cycles, Stall Cycles, Overall Util %, Mapping Efficiency %, Compute Util %,
0, 535078, 533504, 411565, 20.837472633757198, 91.875, 90.93558282208589,
1, 42515, 40094, 27175, 31.286476779568016, 100.0, 96.16681999386691,
2, 3870184, 3868185, 3543106, 8.14149271557591, 100.0, 95.88951002959575,
3, 62460, 60223, 49688, 15.621938462049384, 100.0, 86.24862486248622,
4, 76913, 75197, 59394, 18.766706118595156, 100.0, 86.24862486248621,
5, 937292, 935661, 852502, 7.802826023527752, 100.0, 84.39450686641693,
6, 31354, 29833, 24566, 7.883886970804143, 50.0, 43.12431243124312,
7, 49072, 47248, 38539, 15.238740264138164, 96.15384615384616, 79.0080105344014,
8, 32094, 30157, 24890, 15.598368537984548, 100.0, 86.24862486248624,
9, 162171, 160582, 132487, 15.623170716518663, 100.0, 86.2486248624862,
10, 162171, 160582, 132487, 15.623170716518663, 100.0, 86.2486248624862,
11, 2029907, 2027415, 1861096, 7.20207752236222, 100.0, 84.39450686641693,
12, 42031, 39996, 32973, 15.68156815681568, 100.0, 86.24862486248624,
13, 232782, 230642, 180393, 18.730326653428257, 100.0, 82.16833095577755,
14, 82727, 80297, 66250, 15.622003312701596, 100.0, 86.24862486248621,
15, 255789, 254260, 228161, 6.93778022496657, 100.0, 61.059190031152625,
16, 123909, 122734, 109685, 7.186272752456532, 100.0, 61.059190031152625,
17, 1135255, 1133899, 1088918, 2.228769934535616, 92.85714285714286, 49.70791290493902,
18, 19960, 18533, 14184, 7.9317973344844335, 50.0, 30.529595015576316,
19, 25449, 24125, 19082, 7.772020725388601, 72.11538461538461, 32.05128205128205,
20, 76860, 75256, 66557, 7.813330498564898, 100.0, 61.059190031152625,
21, 393666, 392091, 368892, 3.9990716440826235, 100.0, 61.059190031152625,
22, 292730, 291215, 272656, 3.7690366224267295, 87.5, 53.42679127725858,
23, 1337291, 1334885, 1281574, 2.378631867164587, 98.4375, 52.695167286245336,
24, 41457, 39899, 35260, 5.894884583573523, 75.0, 45.79439252336447,
25, 55085, 53581, 46210, 6.998749556745861, 98.68421052631578, 43.859649122807035,
26, 142389, 140887, 131608, 4.451794700717596, 100.0, 61.059190031152625,
27, 292833, 291215, 272656, 4.307470425630548, 100.0, 61.059190031152625,
28, 292833, 291215, 272656, 4.307470425630548, 100.0, 61.059190031152625,
29, 1242915, 1241359, 1172816, 3.3408546600943, 100.0, 53.53159851301138,
30, 41457, 39899, 35260, 5.894884583573523, 75.0, 45.79439252336447,
31, 1875, 579, 0, 50.77720207253886, 75.0, 45.794392523364486,
32, 142389, 140887, 131608, 4.451794700717596, 100.0, 61.059190031152625,
33, 292730, 291215, 272656, 3.7690366224267295, 87.5, 53.42679127725858,
34, 393670, 392091, 368892, 3.599164479674361, 90.0, 54.953271028037435,
35, 3515226, 3513215, 3425394, 1.4940161646810686, 98.78048780487805, 52.87877414090172,
36, 41808, 39967, 35328, 7.846473340505917, 100.0, 61.05919003115263,
37, 65589, 64341, 54642, 7.771094636390482, 100.0, 44.44444444444441,
38, 142389, 140887, 131608, 4.451794700717596, 100.0, 61.059190031152625,
39, 437708, 436014, 396575, 5.93375442072961, 97.05882352941177, 59.26333150082475,
40, 157523, 155847, 131198, 10.37556064601821, 97.05882352941177, 59.2633315008246,
41, 3235073, 3232656, 3125557, 2.0045436322330614, 100.0, 53.531598513011815,
42, 43134, 41486, 36557, 7.795400858120812, 97.05882352941177, 59.26333150082461,
43, 248849, 247173, 227774, 4.045749333462798, 100.0, 44.44444444444435,
44, 136689, 135021, 115302, 9.580731886151042, 97.05882352941177, 59.2633315008246,
45, 642136, 640673, 610930, 1.5908271458294636, 100.0, 28.160919540229813,
46, 146552, 145091, 132937, 2.8072899077130904, 97.79411764705883, 27.539722785666015,
47, 3231427, 3229837, 3176288, 0.3483147911179419, 100.0, 16.666666666666654,
48, 18452, 16835, 13118, 7.5675675675675675, 100.0, 28.1609195402299,
49, 247135, 245893, 235594, 0.3660128592517884, 100.0, 6.716417910447771,
50, 204618, 203064, 188193, 2.5095536382618286, 100.0, 28.160919540229933,
51, 1473044, 1471669, 1427054, 1.038820550001393, 100.0, 28.160919540229763,
52, 610159, 608638, 586331, 1.2559189534665927, 100.0, 28.160919540229862,
53, 8838973, 8837929, 8760818, 0.18330086154799388, 100.0, 16.666666666666803,
54, 100962, 99765, 92330, 1.915501428356638, 75.0, 21.120689655172445,
55, 247135, 245893, 235594, 0.3660128592517884, 100.0, 6.716417910447771,
56, 204618, 203064, 188193, 2.5095536382618286, 100.0, 28.160919540229933,
57, 65003035, 65001473, 64904194, 0.0015384266753462649, 97.65625, 0.7750496031746019,
